name,code
Afghanistan,AFG
Albania,ALB
Algeria,DZA
Angola,AGO
Antarctica,ATA
Argentina,ARG
Armenia,ARM
Australia,AUS
Austria,AUT
Azerbaijan,AZE
Bahamas,BHS
Bangladesh,BGD
Belarus,BLR
Belgium,BEL
Belize,BLZ
Benin,BEN
Bhutan,BTN
Bolivia (Plurinational State of),BOL
Bosnia and Herzegovina,BIH
Botswana,BWA
Brazil,BRA
Brunei Darussalam,BRN
Bulgaria,BGR
Burkina Faso,BFA
Burundi,BDI
Cambodia,KHM
Cameroon,CMR
Canada,CAN
Central African Republic,CAF
Chad,TCD
Chile,CHL
China,CHN
Colombia,COL
Congo,COG
"Congo, Democratic Republic of the",COD
Costa Rica,CRI
CÃ´te d'Ivoire,CIV
Croatia,HRV
Cuba,CUB
Cyprus,CYP
Czechia,CZE
Denmark,DNK
Djibouti,DJI
Dominican Republic,DOM
Ecuador,ECU
Egypt,EGY
El Salvador,SLV
Equatorial Guinea,GNQ
Eritrea,ERI
Estonia,EST
Eswatini,SWZ
Ethiopia,ETH
Falkland Islands (Malvinas),FLK
Fiji,FJI
Finland,FIN
France,FRA
French Southern Territories,ATF
Gabon,GAB
Gambia,GMB
Georgia,GEO
Germany,DEU
Ghana,GHA
Greece,GRC
Greenland,GRL
Guatemala,GTM
Guinea,GIN
Guinea-Bissau,GNB
Guyana,GUY
Haiti,HTI
Honduras,HND
Hungary,HUN
Iceland,ISL
India,IND
Indonesia,IDN
Iran (Islamic Republic of),IRN
Iraq,IRQ
Ireland,IRL
Israel,ISR
Italy,ITA
Jamaica,JAM
Japan,JPN
Jordan,JOR
Kazakhstan,KAZ
Kenya,KEN
Korea (Democratic People's Republic of),PRK
"Korea, Republic of",KOR
Kuwait,KWT
Kyrgyzstan,KGZ
Lao People's Democratic Republic,LAO
Latvia,LVA
Lebanon,LBN
Lesotho,LSO
Liberia,LBR
Libya,LBY
Lithuania,LTU
Luxembourg,LUX
Madagascar,MDG
Malawi,MWI
Malaysia,MYS
Mali,MLI
Mauritania,MRT
Mexico,MEX
"Moldova, Republic of",MDA
Mongolia,MNG
Montenegro,MNE
Morocco,MAR
Mozambique,MOZ
Myanmar,MMR
Namibia,NAM
Nepal,NPL
Netherlands,NLD
New Caledonia,NCL
New Zealand,NZL
Nicaragua,NIC
Niger,NER
Nigeria,NGA
North Macedonia,MKD
Norway,NOR
Oman,OMN
Pakistan,PAK
"Palestine, State of",PSE
Panama,PAN
Papua New Guinea,PNG
Paraguay,PRY
Peru,PER
Philippines,PHL
Poland,POL
Portugal,PRT
Puerto Rico,PRI
Qatar,QAT
Romania,ROU
Russian Federation,RUS
Rwanda,RWA
Saudi Arabia,SAU
Senegal,SEN
Serbia,SRB
Sierra Leone,SLE
Slovakia,SVK
Slovenia,SVN
Solomon Islands,SLB
Somalia,SOM
South Africa,ZAF
Spain,ESP
Sri Lanka,LKA
Sudan,SDN
Suriname,SUR
Sweden,SWE
Switzerland,CHE
Syrian Arab Republic,SYR
"Taiwan, Province of China",TWN
Tajikistan,TJK
"Tanzania, United Republic of",TZA
Thailand,THA
Timor-Leste,TLS
Togo,TGO
Trinidad and Tobago,TTO
Tunisia,TUN
Turkey,TUR
Turkmenistan,TKM
Uganda,UGA
Ukraine,UKR
United Arab Emirates,ARE
United Kingdom of Great Britain and Northern Ireland,GBR
United States of America,USA
Uruguay,URY
Uzbekistan,UZB
Vanuatu,VUT
Venezuela (Bolivarian Republic of),VEN
Viet Nam,VNM
Western Sahara,ESH
Yemen,YEM
Zambia,ZMB
Zimbabwe,ZWE
